"","Keyword","Clicks","CPC","CTR"
"1","",16611633.92,16.6284293193717,2.59371727748691
"2","0 apr credit card",885.63,6.59602094240838,3.48795811518325
"3","0 apr credit cards",1651.68,15.6199476439791,3.1565445026178
"4","0 credit card",10350.97,22.0579581151832,3.47905759162304
"5","0 credit cards",3178.44,42.1635078534031,2.98324607329843
"6","0 interest credit card",904.88,43.2932460732984,2.93403141361257
"7","0 interest credit cards",1712.29,36.5605235602094,2.83821989528796
"8","100 home equity loan",0,0,0
"9","1031 exchange",1.98,0.0192146596858639,0.0743455497382199
"10","125 equity loan",0,0,0
"11","125 home equity loan",0,0,0
"12","125 refinance",0,0,0
"13","21 auto century insurance",0,0,0
"14","21st century insurance",0,0,0
"15","accept credit",237.97,3.20649214659686,1.69581151832461
"16","accept credit cards",1671.74,14.8956544502618,3.52931937172775
"17","accept credit cards online",650.73,13.8475916230366,3.31204188481675
"18","accident car Florida lawyer",0,0,0
"19","accident lawyer michigan",0,0,0
"20","acid reflux disease diet",19.38,0.139528795811518,0.453403141361257
"21","acid reflux treatment",503.43,13.9065968586387,2.00942408376963
"22","action class lawsuit vioxx",0,0,0
"23","ad sense",630.09,2.09020942408377,3.19581151832461
"24","ad words",1091.8,17.7907853403141,2.43350785340314
"25","administration lease software",0,0,0
"26","adsense",27553.67,8.13680628272251,2.37486910994764
"27","Adsense",0,0,0
"28","Adsense Expert",0,0,0
"29","Adsense Hacking",0,0,0
"30","Adsense High paying keywords",0,0,0
"31","adsense marketing",0,0,0
"32","adsense program",0,0,0
"33","Adsense Tips",3.42,0.0244502617801047,0.0382198952879581
"34","Adsense Tools",18.17,2.29717277486911,0.259162303664921
"35","Adsense tricks and tips",0,0,0
"36","adverse credit remortgage",21.59,2.95151832460733,0.432984293193717
"37","adverse remortgage",0,0,0
"38","adword",644.24,26.5229842931937,2.89319371727749
"39","adwords",34033.36,16.6058115183246,2.33717277486911
"40","adwords advertising",464.88,18.8087434554974,3.36282722513089
"41","adwords login",830.02,9.86298429319372,2.76910994764398
"42","adwords management",705.82,14.9379057591623,2.66230366492147
"43","adwords marketing",334.04,29.176335078534,3.16596858638743
"44","adwords select",0,0,0
"45","aetna health insurance",65.3,2.23565445026178,0.961780104712042
"46","aetna insurance",0,0,0
"47","affiliate per click",0,0,0
"48","affiliate programs",3649.83,11.0093717277487,2.90837696335079
"49","affordable insurance",0,0,0
"50","airlines credit card",19.19,0.329842931937173,0.368062827225131
"51","alicante car rental spain",81.46,0.137905759162304,1.53507853403141
"52","all state insurance",10.66,0.0241884816753927,0.152356020942408
"53","American credit",0,0,0
"54","American express credit",0,0,0
"55","american family insurance",0,0,0
"56","american singles",148.26,6.15895287958115,2.62984293193717
"57","ameriquest",0,0,0
"58","ameriquest mortgage",0,0,0
"59","angeles attorney los tax",0,0,0
"60","angeles criminal defense lawyer los",0,0,0
"61","angeles criminal defense los",0,0,0
"62","angeles criminal lawyer los",0,0,0
"63","anti spam appliance",0,0,0
"64","anti spam exchange",80.44,1.80162303664921,1.11361256544503
"65","anti spam exchange server",3.68,0.190785340314136,0.0963350785340314
"66","anti spam lotus notes",0,0,0
"67","apply credit card",4162.29,14.8559162303665,3.43612565445026
"68","apply credit cards",1309.5,22.6474869109948,3.53979057591623
"69","apply for a credit card",1498.27,19.7988481675393,3.4979057591623
"70","apply for credit card",10893.47,12.0224607329843,4.93664921465969
"71","apply for credit cards",986.02,9.50565445026178,3.85026178010471
"72","arizona law lemon",0,0,0
"73","asbestos",20543.36,20.3209947643979,1.91884816753927
"74","Asbestos Cancer",134.06,30.7051832460733,1.25549738219895
"75","at and t",0,0,0
"76","at and t cell phones",0,0,0
"77","at and t mobile",0,0,0
"78","at and t phones",0,0,0
"79","at t wireless",0,0,0
"80","ATT call conference",0,0,0
"81","ATT conference",0,0,0
"82","ATT go",0,0,0
"83","att go phone",0,0,0
"84","att prepaid",0,0,0
"85","att prepaid wireless",0,0,0
"86","att wireless com",0,0,0
"87","Attorney",1737.65,9.80890052356021,1.42094240837696
"88","attorney defense federal",0,0,0
"89","attorney injury new personal york",0,0,0
"90","attorney law lemon",0,0,0
"91","augmentation breast diego san",0,0,0
"92","auto accident attorney",31.69,5.84314136125654,0.499476439790576
"93","auto insurance",9599.35,30.4813612565445,2.63979057591623
"94","auto insurance companies",2.54,7.8865445026178,0.049738219895288
"95","auto insurance company",59.99,8.32801047120419,1.27329842931937
"96","auto insurance price quotes",0,0,0
"97","auto insurance quote",230.8,21.4928795811518,1.6282722513089
"98","auto insurance quotes",14003.9,48.116387434555,2.91151832460733
"99","auto insurance rates",355.1,5.62989528795812,1.84659685863874
"100","auto insurances",0,0,0
"101","auto loans",3320.16,6.97685863874346,4.09424083769634
"102","auto owners insurance",0,0,0
"103","automobile insurance",12093.98,28.2774869109948,3.3261780104712
"104","automobile law lemon",0,0,0
"105","bad credit",37331.59,19.0006282722513,3.54397905759162
"106","bad credit mortgage refinance",65.54,0.115549738219895,0.921989528795812
"107","bad debt",923.12,19.9575392670157,2.2020942408377
"108","Baines and Ernst",925.72,42.9416753926702,2.89895287958115
"109","balance transfer credit cards",3839.29,55.2639790575916,2.8455497382199
"110","bankruptcy",76117.75,13.4797905759162,3.27277486910995
"111","benchmark lending",0,0,0
"112","best buy gift card",54.56,0.325811518324607,1.32722513089005
"113","best consolidation loan student",0,0,0
"114","best credit",266.75,26.8201570680628,1.63455497382199
"115","best credit card",4458.94,51.8602094240838,2.71675392670157
"116","best credit card deals",2557.55,43.9216753926702,3.1738219895288
"117","best credit card offers",1271.76,21.4470157068063,3.53089005235602
"118","best credit cards",3136.08,61.6814659685864,2.3869109947644
"119","best refinance",0,0,0
"120","best stock trading sites",0,0,0
"121","boat insurance",3241.52,30.5802094240838,2.50471204188482
"122","broadband phone",27482.33,41.7591623036649,2.36282722513089
"123","bush quotes",22.27,0.0431937172774869,0.61151832460733
"124","business credit",1401.09,22.4779581151832,2.28062827225131
"125","business credit card",3598.14,12.8813612565445,1.9696335078534
"126","business credit cards",3560.23,43.173612565445,2.99895287958115
"127","business insurance",20777.05,56.0843455497382,2.58062827225131
"128","business liability insurance",419.2,43.2929842931937,2.36806282722513
"129","business technology optimization",0,0,0
"130","buy and sell stock online",0,0,0
"131","buy gift card",617.81,3.2961780104712,1.58795811518325
"132","buy mutual funds online",0,0,0
"133","buy stock on line",0,0,0
"134","buy stock online",168.09,2.03821989528796,1.19685863874346
"135","buy stocks",7269.54,7.44424083769634,4.3
"136","buy stocks on line",2.92,0.083717277486911,0.0696335078534031
"137","buy stocks online",3192.02,23.8964397905759,3.7303664921466
"138","buyer mortgage note",0,0,0
"139","buying stocks",2861.85,13.631832460733,3.28219895287958
"140","buying stocks online",225.17,5.97198952879581,1.97643979057592
"141","ca lemon law",0,0,0
"142","california insurance",0,0,0
"143","California law lemon",0,0,0
"144","california mortgage rates",0,0,0
"145","Canada personals yahoo",0,0,0
"146","car accident attorney",157.11,25.4014659685864,1.59371727748691
"147","car accident lawyer",675.82,56.4516753926702,2.22356020942408
"148","car donation",97.56,0.301623036649215,1.41099476439791
"149","car hire alicante spain",204.74,13.2043979057592,1.73769633507853
"150","car insurance companies",20347.85,48.3129842931937,3.07120418848168
"151","car insurance quote",17685.94,61.8087958115183,3.19633507853403
"152","car insurance quotes",87484.94,52.6769633507853,2.64450261780105
"153","car insurance rates",1080.82,18.567277486911,4.46178010471204
"154","car loans",15882.43,16.1668062827225,3.13821989528796
"155","car quote",4319.51,31.9162827225131,2.69738219895288
"156","car quotes",1950.32,33.739109947644,3.28219895287958
"157","carolina law lemon north",0,0,0
"158","cars direct",1569.27,5.09664921465969,4.22094240837696
"159","cash advance",30295.27,14.1003664921466,4.27591623036649
"160","cash back credit card",1580.13,17.2715183246073,2.61623036649215
"161","cash back credit cards",3303.3,24.6869109947644,3.25759162303665
"162","cash credit cards",1764.5,7.64528795811518,3.96649214659686
"163","cash loans",78732.96,16.4121465968586,4
"164","celebrex lawyer",0,0,0
"165","century insurance",10.08,0.0261256544502618,0.249738219895288
"166","chase credit",0,0,0
"167","cheap auto insurance",180.89,25.3877486910995,1.31780104712042
"168","cheap car search",0,0,0
"169","cheap health insurance",887.13,63.7689005235602,2.26439790575916
"170","cheap insurance",17334.73,24.5521989528796,2.52879581151832
"171","cheap insurance life term",0,0,0
"172","cheap insurance medical",0,0,0
"173","cheap life assurance",106.96,15.8347643979058,2.10104712041885
"174","cheap life insurance",1400.38,79.3162303664921,2.8869109947644
"175","chevron credit card",0,0,0
"176","Chicago hair laser removal",0,0,0
"177","chicago personal injury lawyer",0,0,0
"178","child molestation attorney",0,0,0
"179","christmas quotes",2157.17,11.5026701570681,1.60942408376963
"180","citi bank credit card",0.62,0.121780104712042,0.0183246073298429
"181","citi bank credit cards",167.52,4.67319371727749,3.29581151832461
"182","citi credit card",92.29,1.01942408376963,1.07853403141361
"183","citi credit cards",19.92,0.595130890052356,0.409424083769634
"184","citifinancial",611.49,2.81879581151832,3.43403141361257
"185","city hair laser new removal york",0,0,0
"186","city hair new removal york",0,0,0
"187","Claim",89603.79,23.2149738219895,2.23717277486911
"188","claims",69002.29,18.986335078534,2.74816753926702
"189","Classes",5814.98,9.22361256544503,1.47643979057592
"190","cobra insurance",419.08,1.90502617801047,1.01361256544503
"191","college credit",0,0,0
"192","college loan refinance",0,0,0
"193","comcast high speed",0,0,0
"194","commercial auto insurance",141.3,4.18795811518325,1.60994764397906
"195","commercial insurance",4022.08,36.0904188481675,2.62879581151832
"196","commodities futures trading",104.64,3.75591623036649,1.25916230366492
"197","commodity futures trading",301.65,7.31403141361257,2.10157068062827
"198","commodity online trading",0,0,0
"199","commodity options",99.97,7.09408376963351,0.926701570680628
"200","commodity trading",2820.22,9.16094240837696,2.74973821989529
"201","compare credit cards",3362.43,48.2183246073298,2.70575916230366
"202","compare insurance",15002.64,58.223612565445,2.61151832460733
"203","compare life assurance",214.26,41.4669109947644,2.26753926701571
"204","compensation mesothelioma",0,0,0
"205","Conference Call",10552.91,15.9331937172775,3.03193717277487
"206","consolidate",797.31,20.8488481675393,2.19424083769634
"207","consolidate college loans",5.36,0.112722513089005,0.146073298429319
"208","consolidate graduate student loans",0,0,0
"209","consolidate loans",1534.85,62.8569109947644,4.06858638743456
"210","consolidate student loans",19.47,0.0326178010471204,0.180104712041885
"211","consolidating",0,0,0
"212","consolidation",3058.28,18.9890052356021,1.70680628272251
"213","consolidation loan",5146.61,51.6178010471204,2.79214659685864
"214","consumer credit",1111.52,13.6523560209424,1.79685863874346
"215","consumer credit counseling",576.49,35.8727748691099,2.1738219895288
"216","Cord Blood",1581.86,12.2620418848168,3.71989528795812
"217","corporate credit cards",94.35,5.12544502617801,0.845026178010471
"218","countrywide",5396.47,6.65994764397906,2.51361256544503
"219","Credit",225598.81,17.5010471204188,2.91937172774869
"220","credit application",92.79,7.94183246073298,1.43821989528796
"221","credit card",163152.86,27.5610994764398,2.69005235602094
"222","credit card application",2578.71,23.5407853403141,3.18743455497382
"223","credit card applications",874.22,12.5941884816754,3.84921465968586
"224","credit card apr",247.57,22.9194764397906,1.95287958115183
"225","credit card balance transfer",1931.26,54.4524083769633,2.78586387434555
"226","credit card com",6718.14,8.78675392670157,4.82041884816754
"227","credit card companies",865.52,8.21094240837696,3.81675392670157
"228","credit card company",1061.87,4.81287958115183,3.79895287958115
"229","credit card comparison",5923.78,39.4596335078534,2.57068062827225
"230","credit card consolidation",176.38,36.1544502617801,1.77068062827225
"231","credit card deals",3659.13,25.5386910994764,3.5717277486911
"232","credit card debt",3486.06,24.438219895288,3.16230366492147
"233","credit card debt consolidation",702.01,58.3576439790576,2.67225130890052
"234","credit card fraud",825.95,8.7338219895288,1.90104712041885
"235","credit card interest",97.89,2.19450261780105,1.10628272251309
"236","credit card interest rates",178.88,14.4442931937173,1.77486910994764
"237","credit card machine",3539.65,41.8848167539267,2.79738219895288
"238","credit card machines",1516.96,40.6103664921466,2.6696335078534
"239","credit card offer",3183.87,5.62958115183246,3.4586387434555
"240","credit card offers",3507.74,22.1243455497382,3.7130890052356
"241","credit card online",3982.64,20.9494240837696,3.75340314136126
"242","credit card payments",3033.4,12.7091623036649,3.0413612565445
"243","credit card processing",2475.39,24.5774869109948,2.83821989528796
"244","credit card rate",96.26,4.95424083769633,1.43455497382199
"245","credit card rates",337.83,9.73879581151832,2.2696335078534
"246","credit card rewards",571.26,23.1946073298429,2.72670157068063
"247","credit card service",996.28,7.2769109947644,2.84816753926702
"248","credit card services",4006.89,18.8162303664921,3.24031413612565
"249","credit card terminal",1403.2,57.1430366492147,2.12774869109948
"250","credit cards",236998.48,23.7332984293194,3.10994764397906
"251","credit cards application",952.54,15.9206806282723,3.52303664921466
"252","credit cards applications",554.2,17.2633507853403,3.88429319371728
"253","credit cards apply online",290.75,3.63371727748691,4.33717277486911
"254","credit cards apr",145.45,1.15560209424084,1.9303664921466
"255","credit cards com",69.3,0.680471204188482,0.546073298429319
"256","credit cards for students",188.97,11.194554973822,1.49895287958115
"257","credit cards offer",954.47,18.0209947643979,4.53089005235602
"258","credit cards offers",990.48,11.6642931937173,4.39738219895288
"259","credit cards online",7077.72,23.513612565445,4.29947643979058
"260","credit cards points",0,0,0
"261","credit cards rates",261.28,3.90104712041885,1.84869109947644
"262","credit cards rebate",0,0,0
"263","credit cards with no annual fee",43.99,6.71628272251309,0.836125654450262
"264","credit check",31795.61,31.9006282722513,3.69109947643979
"265","credit checks",7433.07,21.7229319371728,4.06858638743456
"266","credit counseling",256.6,11.3957591623037,1.77329842931937
"267","credit counseling service",22.81,7.36602094240838,0.415706806282722
"268","credit counselors",0,0,0
"269","credit equity home line",0,0,0
"270","credit history",9665.76,26.4749738219895,3.17277486910995
"271","credit home line",0,0,0
"272","credit loans",6216.47,13.8359685863874,3.97068062827225
"273","credit repair",1738.41,5.92068062827225,3.4130890052356
"274","credit report",46208.91,42.4379581151832,3.66544502617801
"275","Credit report",0,0,0
"276","credit reporting",14.58,0.333874345549738,0.256544502617801
"277","credit reporting agency",13.58,1.32638743455497,0.35130890052356
"278","credit reports",5197.04,37.004502617801,3.61623036649215
"279","credit score",39115.36,32.0144502617801,3.77015706806283
"280","credit services",231.86,2.08821989528796,2.1282722513089
"281","criminal dallas lawyer",0,0,0
"282","criminal defense attorney",0,0,0
"283","criminal defense attorney los angeles",0,0,0
"284","criminal defense federal lawyer",0,0,0
"285","criminal lawyer new york",0,0,0
"286","critical illness insurance life",4.61,22.177277486911,0.115183246073298
"287","currency trading",9417.43,14.4234031413613,2.89005235602094
"288","dc hair laser removal Washington",0,0,0
"289","debt",89972.98,21.7043455497382,2.48795811518325
"290","debt consolidation",6588.13,135.337539267016,1.88219895287958
"291","debt management",27989.18,51.2592146596859,3.18376963350785
"292","debt problems",5104.34,44.5276963350785,3.40837696335079
"293","debt solutions",4588.39,22.1326178010471,3.78376963350785
"294","debtfreedirect",67.83,93.161832460733,1.29214659685864
"295","Degree",23180.77,12.4600523560209,1.43298429319372
"296","dept help",616.4,1.52256544502618,6.22303664921466
"297","direct home insurance line",0,0,0
"298","direct insurance",5940.38,38.0590052356021,2.69528795811518
"299","discount futures trading",0,0,0
"300","discover credit",0,0,0
"301","discover credit card",43.33,5.21104712041885,0.6717277486911
"302","discover credit cards",6.54,0.066282722513089,0.148167539267016
"303","dish network",1118.16,6.32743455497382,1.2303664921466
"304","disney credit card",0,0,0
"305","domain name yahoo",100.25,15.442722513089,1.15026178010471
"306","domain register",2438.19,45.0617277486911,3.04869109947644
"307","domain registration",18290.81,38.1691623036649,2.6413612565445
"308","domain registration yahoo",0,0,0
"309","domain yahoo",0,0,0
"310","domains yahoo",0,0,0
"311","Donate",56156.08,8.72214659685864,1.88062827225131
"312","dui",728.1,2.95769633507853,1.62198952879581
"313","dui florida lawyer",0,0,0
"314","e insurance",762.14,26.1598952879581,3.73926701570681
"315","e loan",12.98,0.512041884816754,0.335602094240838
"316","earn",1196.03,4.9469109947644,0.723560209424084
"317","earn money",21544.44,5.57109947643979,3.14240837696335
"318","eastwood insurance",6.33,0.0742931937172775,0.182722513089005
"319","egg credit",108.69,6.44371727748691,1.2282722513089
"320","egg credit card",1060.88,18.0461780104712,2.49895287958115
"321","eloan",4.27,0.0231413612565445,0.0931937172774869
"322","emerson quotes",0.61,0.00261780104712042,0.0178010471204188
"323","employee florida leasing",0,0,0
"324","employee leasing",0,0,0
"325","epocrates",21.38,3.78612565445026,0.453926701570681
"326","Equifax credit",167.28,6.16743455497382,2.07958115183246
"327","equity home",926.09,33.7485863874346,2.10523560209424
"328","equity line of credit",9.76,0.045130890052356,0.164921465968586
"329","equity loan",761.94,19.0993193717277,2.01675392670157
"330","equity loan rates",92.13,2.28109947643979,1.51884816753927
"331","equity loans",1421.89,9.61958115183246,3.37015706806283
"332","equity mortgage",559.28,11.6812565445026,2.54973821989529
"333","equity rates",171.69,9.48675392670157,2.20261780104712
"334","era real estate",0,0,0
"335","event management security",1.89,1.54319371727749,0.0293193717277487
"336","express credit card",1.58,0.138743455497382,0.0465968586387435
"337","fargo refinance",0,0,0
"338","fast loans",9191.89,16.6572251308901,4.39267015706806
"339","federal consolidation",0,0,0
"340","federal consolidation loan",0,0,0
"341","federal criminal defense attorney",0,0,0
"342","federal student loan consolidation",0,0,0
"343","find a lawyer",360.64,4.86251308900524,1.98272251308901
"344","find insurance",240.35,1.07303664921466,1.6979057591623
"345","florida lawyer",15.81,0.0943979057591623,0.42303664921466
"346","for credit",0,0,0
"347","foreign currency trading",608.64,25.1258115183246,2.20732984293194
"348","foreign exchange trading",3503.82,13.3252356020942,2.06492146596859
"349","forex investment",735.47,4.44120418848168,3.68900523560209
"350","fortis health insurance temporary",0,0,0
"351","free",2475474.07,4.87502617801047,1.40261780104712
"352","free credit",1521.7,21.5427748691099,2.93141361256545
"353","free credit check",1862.05,70.460890052356,2.83821989528796
"354","free credit reports",1654.65,53.0405759162304,2.52722513089005
"355","free home insurance quote",52.69,5.04052356020942,1.11256544502618
"356","free quotes",915.34,15.5862827225131,2.09214659685864
"357","freecreditreport",79.65,27.5080628272251,1.0544502617801
"358","futures broker",985.66,11.9547120418848,2.68272251308901
"359","futures brokerage",20.45,2.18931937172775,0.0963350785340314
"360","futures brokers",285.44,8.06937172774869,1.7565445026178
"361","futures options trading",75.03,0.888062827225131,0.780104712041885
"362","futures trading platform",123.52,16.3226701570681,1.56439790575916
"363","fx trading",15484.22,16.0623560209424,3.81832460732984
"364","Gas/Electricity",1615.22,39.4016753926702,2.97225130890052
"365","georgia law lemon",0,0,0
"366","get insurance",49.69,0.888848167539267,0.622513089005236
"367","gmac mortgage",114.56,6.27973821989529,0.82303664921466
"368","gold futures",539.09,10.5049214659686,1.70942408376963
"369","google adsense",6563.73,12.0297905759162,2.38534031413613
"370","Google Adsense",0,0,0
"371","Google affiliate",93.07,1.29502617801047,1.15287958115183
"372","grange insurance",0,0,0
"373","great quotes",621.27,4.44947643979058,1.63874345549738
"374","group health insurance",384.6,9.33539267015707,1.98638743455497
"375","hack",13546,3.94298429319372,1.66492146596859
"376","hair laser removal Virginia",0,0,0
"377","hair removal Chicago",0,0,0
"378","hair removal new york",0.4,0.0777486910994764,0.0115183246073298
"379","hair removal Washington dc",0,0,0
"380","hamlet quotes",16.09,0.0419895287958115,0.420942408376963
"381","hard drive recovery",10851.67,8.26010471204189,2.28219895287958
"382","hard money",43.1,0.198900523560209,0.719371727748691
"383","hard money lenders",1.05,0.0538219895287958,0.0345549738219895
"384","health insurance",105124.05,31.79,2.45340314136126
"385","health insurance plans",323.83,30.8271204188482,2.55811518324607
"386","health insurance quote",90.01,44.2287434554974,0.93979057591623
"387","health insurance quotes",451.1,47.8396858638743,2.04502617801047
"388","health insurance temporary",4.71,0.167591623036649,0.0837696335078534
"389","help desk",12989.67,19.2078010471204,1.92670157068063
"390","hertz car rental",3269.06,13.6188481675393,2.66178010471204
"391","hertz rent a car",664.82,41.5431937172775,1.47853403141361
"392","holiday quotes",99.14,14.9833507853403,1.42094240837696
"393","home equity line of credit",17.76,9.64753926701571,0.347643979057592
"394","home equity line of credit rates",0,0,0
"395","home equity loan",292.86,26.4037172774869,2.34397905759162
"396","home equity loan rates",1558.93,10.0811518324607,2.24816753926702
"397","home equity loans",1031.91,33.1347120418848,3.10628272251309
"398","home equity poor credit",1.28,2.93261780104712,0.0324607329842932
"399","home equity rates",12.48,0.480052356020942,0.313612565445026
"400","home line of credit",0,0,0
"401","home loans refinancing",68.88,0.275811518324607,1.36596858638743
"402","home owner insurance",90.48,2.31246073298429,1.22251308900524
"403","home owners insurance",123.85,15.7287434554974,1.10575916230366
"404","home refinance loans",654.48,3.5855497382199,3.07748691099476
"405","home security systems",10077.71,10.7178534031414,2.25602094240838
"406","homeowner insurance",88.05,8.67643979057592,1.05759162303665
"407","homeowner loans",2753.38,57.464502617801,3.67225130890052
"408","homeowners insurance",11881.19,38.6965445026178,1.31570680628272
"409","hope quotes",80.42,0.147120418848168,0.908376963350785
"410","hosting",144933.9,11.3940314136126,2.73246073298429
"411","Hosting",0,0,0
"412","hot quotes",166.73,0.167748691099476,1.20994764397906
"413","house insurance",30613.1,60.8926178010471,3.09738219895288
"414","house quotes",26.39,0.841727748691099,0.249738219895288
"415","household automotive",0,0,0
"416","how to buy stock online",45.51,6.16225130890052,0.480104712041885
"417","how to buy stocks online",34.72,2.18403141361257,0.153926701570681
"418","how to make money",10708.96,8.3182722513089,2.48848167539267
"419","how to register a domain name",163.59,43.938219895288,1.86178010471204
"420","humana insurance",4.62,0.0196335078534031,0.140314136125654
"421","i need money",6684.63,5.29099476439791,2.46753926701571
"422","identity theft",4436.15,13.026335078534,1.55235602094241
"423","Illinois law lemon",0,0,0
"424","imagine credit card",0,0,0
"425","incorporate",1657.03,5.64764397905759,1.80523560209424
"426","index funds",889.13,21.844554973822,2.34869109947644
"427","indiana law lemon",0,0,0
"428","individual health insurance",206.95,7.02722513089005,2.06858638743455
"429","injury lawyer new york",3.58,0.91979057591623,0.103664921465969
"430","instant approval credit card",118.2,8.86879581151832,1.5717277486911
"431","instant credit card",809.44,21.6279581151832,2.36282722513089
"432","insurance",286891.46,22.8975916230367,2.51413612565445
"433","Insurance",0,0,0
"434","insurance car",21741.86,46.5398429319372,2.83560209424084
"435","insurance com",922.48,5.73769633507853,7.9544502617801
"436","insurance companies",9119.82,18.9195287958115,3.15235602094241
"437","insurance companies quotes",0,0,0
"438","insurance estimate",4.76,0.358115183246073,0.131413612565445
"439","insurance leads",97.31,3.78094240837696,0.818848167539267
"440","insurance medical temporary",0,0,0
"441","insurance policies",1609.96,31.4195287958115,2.82198952879581
"442","insurance policy",1078.93,23.1501570680628,1.99424083769633
"443","insurance quote",9754.32,50.997277486911,3.18062827225131
"444","insurance quotes",19077.2,54.6932460732984,3.02303664921466
"445","insurance rate",208.86,6.92570680628272,1.95916230366492
"446","insurance rates",161.74,9.42225130890052,1.36387434554974
"447","interest credit",0,0,0
"448","interest credit cards",477.13,27.3737696335079,3.07120418848168
"449","internet money",883.64,7.28052356020942,2.75183246073298
"450","irs lawyer tax",11.83,0.0140314136125654,0.320418848167539
"451","laser hair removal Manhattan",0,0,0
"452","laser hair removal Maryland",0,0,0
"453","laser hair removal new york",0,0,0
"454","latest",1355.76,8.22005235602094,1.43298429319372
"455","law lemon mass",0,0,0
"456","law lemon michigan",0,0,0
"457","law lemon Ohio",0,0,0
"458","law lemon Wisconsin",0,0,0
"459","Lawyer",88591.25,11.8602094240838,1.36806282722513
"460","lease management software",24.34,0.707329842931937,0.231937172774869
"461","lemon law",41.84,0.0360732984293194,0.891623036649215
"462","lenders",21208.49,23.8524607329843,3.27643979057592
"463","lending",3331.03,23.34,1.7261780104712
"464","Lexington law",3.19,0.417748691099476,0.068586387434555
"465","Lexington law firm",0,0,0
"466","liability insurance",16861.5,64.2596335078534,2.59842931937173
"467","life insurance",87906.37,53.5357068062827,3.18324607329843
"468","life insurance companies",1008.05,29.215445026178,3.18534031413613
"469","life insurance policy",1609.16,29.9295287958115,2.89371727748691
"470","life insurance quote",1485.49,56.9735078534031,3.13979057591623
"471","life insurance quote online",230.29,59.5379057591623,1.55340314136126
"472","life insurance quotes",4658.74,115.76664921466,2.95811518324607
"473","life insurance rates",1822.86,22.0347120418848,3.91047120418848
"474","life quotes",24767.59,10.2428795811518,2.75602094240838
"475","lincoln quotes",0,0,0
"476","line of credit",58.71,0.441413612565445,0.710471204188482
"477","line of credit home equity",0,0,0
"478","link exchange",21.18,0.352251308900524,0.552356020942408
"479","litigation vioxx",0,0,0
"480","loan refinance",206.02,3.63219895287958,1.27277486910995
"481","loans",649907.17,29.1307329842932,2.70418848167539
"482","Loans",0,0,0
"483","Los Angeles drug rehab",0,0,0
"484","los angeles dui lawyer",0,0,0
"485","los angeles lawyer",0,0,0
"486","low cost insurance",286.03,19.201780104712,1.74031413612565
"487","low cost term life insurance",33.51,10.8864921465969,0.417801047120419
"488","low credit cards",121.9,9.43764397905759,1.20890052356021
"489","low interest",133.2,4.93418848167539,1.1303664921466
"490","low interest credit",4.54,2.27099476439791,0.11413612565445
"491","low interest credit card",158.28,6.73989528795811,3.03560209424084
"492","low interest credit cards",243.84,21.9851832460733,2.34764397905759
"493","low interest rate credit cards",62.34,3.94712041884817,1.12513089005236
"494","low mortgage rate",259.64,13.4713612565445,2.07120418848168
"495","low rate credit cards",188.67,16.2029319371728,1.97434554973822
"496","lung cancer",34920.04,12.2193717277487,2.45549738219895
"497","machinery trader",218.09,6.41403141361257,1.72931937172775
"498","make extra money",4425.12,11.8307329842932,2.53612565445026
"499","make money",63556.65,4.09115183246073,2.55706806282723
"500","make money at home",2999.26,5.10424083769634,3.02303664921466
"501","make money from home",5003.11,10.3735602094241,2.3151832460733
"502","making money on the internet",251.79,18.8804712041885,2.09162303664921
"503","making money online",4940.16,4.29764397905759,2.76492146596859
"504","malignant mesothelioma",8.57,0.218743455497382,0.217801047120419
"505","malignant pleural mesothelioma",6.55,10.5969109947644,0.0366492146596859
"506","marketing optimization",10.56,3.47832460732984,0.146596858638743
"507","mastercard credit cards",449.75,7.27146596858639,2.56125654450262
"508","mbna credit",86.48,1.88235602094241,0.892146596858639
"509","MCSA boot camp",0,0,0
"510","medical malpractice attorneys",20.52,0.899528795811518,0.408900523560209
"511","medical malpractice lawyer",249.36,24.3360732984293,1.46858638743456
"512","merchant account",6031.73,21.6626701570681,3.41780104712042
"513","merchant account application",0,0,0
"514","merchant account international",0,0,0
"515","merchant accounts",1791.54,23.416335078534,2.5717277486911
"516","mercury insurance",125.01,20.7956544502618,1.36178010471204
"517","mesothelioma",10336.61,28.8531937172775,2.72303664921466
"518","mesothelioma attorneys",0,0,0
"519","mesothelioma diagnosis",0,0,0
"520","mesothelioma information",2.53,2.53188481675393,0.0774869109947644
"521","mesothelioma lawyers",35.61,6.05801047120419,0.494240837696335
"522","mesothelioma prognosis",102.24,23.1626178010471,1.23350785340314
"523","mesothelioma symptoms",278.82,38.6313089005236,1.79109947643979
"524","mesothelioma texas",0,0,0
"525","mesothilioma",0,0,0
"526","miami personal injury attorney",0,0,0
"527","Miami personal injury lawyer",0,0,0
"528","michigan personal injury",0,0,0
"529","microsoft anti spam",13.46,0.401413612565445,0.202094240837696
"530","miles credit card",157.13,3.23649214659686,1.62670157068063
"531","money at home",713.31,2.92047120418848,2.53350785340314
"532","money fast",3691.66,12.803664921466,2.6303664921466
"533","money lenders",6064.35,10.1124607329843,5.43193717277487
"534","money loans",11503.09,14.6046596858639,4.59162303664921
"535","money magazine",345.07,6.03596858638743,1.82251308900524
"536","money making",6298.25,6.75392670157068,2.1717277486911
"537","money making ideas",3121.56,10.8261780104712,3.36073298429319
"538","money market account",57.28,0.302565445026178,0.353403141361257
"539","money market accounts",0,0,0
"540","money now",4028.86,3.14450261780105,3.28324607329843
"541","money on the internet",137.72,2.73356020942408,1.58010471204188
"542","money to India",2742.43,17.8705235602094,2.87434554973822
"543","Mortgage",123445.02,20.6814659685864,2.4130890052356
"544","mortgage application",1633.01,6.61,3.86230366492147
"545","mortgage companies",954.74,13.7715706806283,2.37696335078534
"546","mortgage insurance",3679.82,25.8850261780105,2.69109947643979
"547","mortgage lenders",5597.02,5.59811518324607,3.30366492146597
"548","mortgage loan",3391.33,11.209057591623,2.78167539267016
"549","mortgage loans",698.94,8.66968586387435,2.53612565445026
"550","mortgage note",0,0,0
"551","mortgage rates refinancing",0,0,0
"552","mortgage refinance",828.6,7.00722513089005,2.7413612565445
"553","mortgage refinance rate",0.98,0.00450261780104712,0.0282722513089005
"554","mortgages",243095.53,11.064502617801,3.11675392670157
"555","motorcycle insurance",14796.9,32.6907853403141,2.70680628272251
"556","my fico score",0,0,0
"557","new saturn sky",0,0,0
"558","new york personal injury lawyer",0,0,0
"559","no annual fee credit cards",50.92,13.2559162303665,0.451832460732984
"560","no credit check",878.53,18.9131413612565,2.27643979057592
"561","non profit debt consolidation",0,0,0
"562","office quotes",7.53,0.0363350785340314,0.168586387434555
"563","oil futures",3417.62,15.4589528795812,2.55392670157068
"564","one credit card",281.13,43.659057591623,1.23403141361257
"565","online approval",2.69,0.0134031413612565,0.0696335078534031
"566","online credit",2394.19,5.15015706806283,6.02774869109948
"567","online credit card",2889.72,41.7528272251309,3.28272251308901
"568","online credit report",880.32,18.5468062827225,3.0151832460733
"569","online currency trading",257.54,6.66350785340314,2.08900523560209
"570","online futures",12.68,0.532565445026178,0.313612565445026
"571","online futures trading",131.18,12.916335078534,1.29109947643979
"572","online home insurance quote",39.08,5.72874345549738,0.549214659685864
"573","online insurance",1761.15,20.7435078534031,3.23455497382199
"574","online insurance quotes",170.93,28.5538743455497,1.56858638743455
"575","online stock purchase",38.62,5.25157068062827,0.742408376963351
"576","online stock purchases",0,0,0
"577","online stock trading",1504.05,21.2705759162304,3.14973821989529
"578","online trading",17585.4,12.2880104712042,3.53507853403141
"579","optimization company",1.6,0.371623036649215,0.0476439790575916
"580","orchard bank credit card",63.59,7.7813612565445,0.450261780104712
"581","orchard credit card",29.57,1.4813612565445,0.40261780104712
"582","Orlando criminal attorney",0,0,0
"583","overture adwords",0,0,0
"584","overture pay per click",0.82,0.0548167539267016,0.0277486910994764
"585","page rank",102.36,15.0081151832461,0.710994764397906
"586","pay per click",2874.19,34.6057068062827,2.93612565445026
"587","pay per click adwords",50.56,24.263612565445,0.935602094240838
"588","pay per click affiliate",59.08,2.70083769633508,0.583246073298429
"589","pay per click optimization",80.62,5.96015706806283,1.12984293193717
"590","payday loans",362961.39,22.6621465968586,5.08272251308901
"591","pengar",0,0,0
"592","people with bad credit",213.92,20.4778534031414,1.5738219895288
"593","peritoneal mesothelioma",0,0,0
"594","personal credit",2634.48,33.9886387434555,3.41570680628272
"595","personal injury",24844.03,24.6377486910995,2.89162303664921
"596","personal injury attorney",211.54,15.5362303664921,1.83246073298429
"597","personal injury attorney colorado",0,0,0
"598","personal injury solicitor",1412.65,106.526282722513,1.78167539267016
"599","personal yahoo",13.88,0.00340314136125654,0.385340314136126
"600","pet insurance",61013.47,59.34,2.75340314136126
"601","platinum credit card",2018.26,27.0826701570681,3.14973821989529
"602","platinum credit cards",76.5,8.11848167539267,0.82303664921466
"603","pleasant holidays",19.6,0.839424083769634,0.317277486910995
"604","pleural mesothelioma",17.4,1.36020942408377,0.33979057591623
"605","Point of sale software",1806.25,15.453664921466,2.5261780104712
"606","poor credit",2291.14,13.2680104712042,2.71047120418848
"607","preapproved",0,0,0
"608","primary pulmonary hypertension",2.22,0.0653926701570681,0.0680628272251309
"609","private health insurance",9650.85,101.245654450262,2.88900523560209
"610","private mortgage insurance",32.73,3.79340314136126,0.465968586387435
"611","project management software",10672.3,20.4437172774869,1.94188481675393
"612","purchase stock on line",0,0,0
"613","purchase stocks online",3.55,0.0503141361256544,0.10261780104712
"614","quote",10742.7,14.3557068062827,1.90890052356021
"615","quote com",15.5,0.00900523560209424,0.18586387434555
"616","quotes",22538.4,8.85879581151833,2.02408376963351
"617","quotes com",4.8,0.0347120418848168,0.130890052356021
"618","re mortgage",1303.71,20.3721989528796,2.88743455497382
"619","real estate leads",302.42,4.50853403141361,2.65759162303665
"620","Recovery",15603.79,11.6221465968586,0.85130890052356
"621","refinance",785.31,3.84052356020942,2.14240837696335
"622","refinance comparison",0,0,0
"623","refinance leads",5.28,0.176073298429319,0.149214659685864
"624","refinance new york",0,0,0
"625","refinance poor credit",3.91,0.160261780104712,0.0979057591623037
"626","refinance rental property",0,0,0
"627","refinance with bad credit",34.95,0.279214659685864,0.527748691099476
"628","refinance with poor credit",0,0,0
"629","refinanced second mortgages",0,0,0
"630","refinancing",331.87,3.66157068062827,1.85602094240838
"631","refinancing mortgage",9.87,0.00691099476439791,0.195811518324607
"632","refinancing my home",0,0,0
"633","refinancing with bad credit",8.92,0.77,0.243979057591623
"634","refinancing with poor credit",0,0,0
"635","register domain",10467.81,72.8420418848168,2.89895287958115
"636","register domain names",1030.18,42.3002617801047,2.5738219895288
"637","Rehab",23546.75,18.7661780104712,2.10314136125654
"638","renters insurance",791.2,18.3586387434555,1.25026178010471
"639","reward credit cards",1041.67,12.9394764397906,2.49633507853403
"640","rewards credit cards",465.37,8.59188481675393,1.66125654450262
"641","rv insurance",112.28,13.5576439790576,1.1151832460733
"642","san diego criminal attorney",0,0,0
"643","san diego dui attorney",0,0,0
"644","san diego dui lawyer",1.28,0.0237696335078534,0.0193717277486911
"645","saturn cars",31.71,0.0392670157068063,0.816230366492147
"646","saturn sky",24.91,0.231361256544503,0.325130890052356
"647","school quotes",85.26,12.1340314136126,0.734031413612565
"648","scott trade",4.41,0.122931937172775,0.0952879581151832
"649","search adwords",0,0,0
"650","search engine adwords",0,0,0
"651","search engine optimization",6140.7,14.6937696335079,1.76492146596859
"652","second mortgages",315.43,2.61895287958115,3.07696335078534
"653","secure credit card",171.19,3.62240837696335,1.57905759162304
"654","secure credit cards",44.58,17.7231413612565,0.599476439790576
"655","secured",7.17,0.0242931937172775,0.0120418848167539
"656","secured credit card",192.59,5.33748691099476,3.29267015706806
"657","secured credit cards",512.78,20.1407853403141,2.39947643979058
"658","secured loans",7515.15,38.2570157068063,3.00314136125654
"659","send money to India",1297.21,22.8550785340314,3.1151832460733
"660","SEO",47903.47,12.6014659685864,2.24921465968586
"661","short term health insurance",34.45,12.7061256544503,0.286387434554974
"662","short term insurance",3968.03,35.8765968586387,3.35549738219895
"663","silver futures",354.36,8.38230366492147,2.18429319371728
"664","sky box",43248.41,4.0848167539267,1.56387434554974
"665","sky cable",8452.59,2.01801047120419,1.78010471204188
"666","sky com",426183.39,0.80303664921466,5.30523560209424
"667","sky digital",5630.4,36.3396858638743,3.67748691099476
"668","sky installation",7285.38,6.77340314136126,3.47015706806283
"669","sky one",795.27,8.53979057591623,2.58272251308901
"670","sky uk",19359.45,9.42387434554974,3.79947643979058
"671","skynews",2430.41,7.96251308900524,1.30523560209424
"672","small business credit card",57.19,6.96460732984293,1.24921465968586
"673","small business credit cards",27.98,1.69130890052356,0.124607329842932
"674","small business health insurance",30.3,7.6286387434555,0.518324607329843
"675","small business insurance",613,55.7938743455497,2.45497382198953
"676","Software",76950.26,8.52523560209424,1.20418848167539
"677","south park quotes",8.53,0.0387434554973822,0.18586387434555
"678","stock images",16842.62,18.0564397905759,2.25549738219895
"679","stock option trading",17.35,10.2168062827225,0.446073298429319
"680","stock quotes",583.86,6.78565445026178,2.10732984293194
"681","stock trading",17220.03,13.5931413612565,2.82931937172775
"682","stock trading software",838.77,31.0489005235602,2.3717277486911
"683","stocks online",988.33,4.76371727748691,2.66910994764398
"684","structured settlement",60.94,2.83623036649215,0.968586387434555
"685","student consolidation loans",20.66,0.178272251308901,0.0994764397905759
"686","student credit",51.27,6.19513089005236,0.763350785340314
"687","student credit card",2226.57,11.8629842931937,2.36701570680628
"688","student credit cards",203.51,5.32853403141361,1.33979057591623
"689","student loan",6653.41,11.5871204188482,2.78272251308901
"690","student loan consolidate",0,0,0
"691","student loan consolidation center",0,0,0
"692","student loan consolidation program",0,0,0
"693","student loan refinance",0,0,0
"694","symptoms of mesothelioma",18.27,13.0129842931937,0.173821989528796
"695","tax attorney",57.94,0.770157068062827,0.943979057591623
"696","term insurance",7608.53,24.7735602094241,3.30157068062827
"697","term life assurance",136.99,6.71465968586387,1.43298429319372
"698","term life insurance",353.82,42.3386387434555,2.57015706806283
"699","term life insurance quotes",184.67,21.1760732984293,1.27277486910995
"700","texas insurance",0,0,0
"701","texas refinance",0,0,0
"702","the hartford insurance",0,0,0
"703","the holiday quotes",0,0,0
"704","Top paying keywords",0,0,0
"705","trade futures",343.41,9.04413612565445,2.69214659685864
"706","trade stock",256.84,5.14900523560209,1.72041884816754
"707","trade stocks",2640.48,11.1823036649215,4.7
"708","Trading",74940.82,2.45272251308901,1.80785340314136
"709","trading commodities",622.21,9.91350785340314,2.61937172774869
"710","trading futures",347.1,9.7017277486911,2.02722513089005
"711","trading stocks",2003.73,16.1007329842932,2.85706806282723
"712","trans union",0,0,0
"713","Transfer",4145.47,12.8214136125654,0.970157068062827
"714","travel credit cards",316.85,9.65811518324607,2.91989528795812
"715","Treatment",34609.74,5.22340314136126,1.29947643979058
"716","truck insurance",4629.27,42.5796335078534,2.78376963350785
"717","UK homeowner loans",53.14,0.0759685863874345,0.769633507853403
"718","united credit card",2.18,0.18151832460733,0.0821989528795811
"719","universal life insurance",71.18,4.75858638743455,1.45392670157068
"720","University Degrees Online",159.47,1.94057591623037,2.03926701570681
"721","usaa credit card",0,0,0
"722","utah mortgage",0,0,0
"723","va refinance",0,0,0
"724","vasectomy reversal",5919.43,17.609109947644,4.15706806282722
"725","vehicle insurance",18758.63,25.3274345549738,3.56649214659686
"726","video conference",14842.79,25.1739267015707,2.55497382198953
"727","video conferencing",8058.24,18.0193193717278,3.14293193717277
"728","vioxx attorney",0,0,0
"729","vioxx class action",0,0,0
"730","vioxx law suit",0,0,0
"731","vioxx lawsuit",0,0,0
"732","visa credit",281.04,27.9630890052356,2.17277486910995
"733","visa credit card",1295.98,13.8089528795812,2.95602094240838
"734","visa credit cards",1322.88,10.3227748691099,2.85235602094241
"735","wan optimization",182.77,2.97204188481675,2.11780104712042
"736","ways to make money",3665.73,10.1002617801047,2.39947643979058
"737","web host",6905.83,40.3147643979058,3.04450261780105
"738","web hosting",27260.25,37.6324083769633,2.76178010471204
"739","webhost",417.4,11.5661780104712,1.7130890052356
"740","webhosting",22162.24,24.6003664921466,3.57696335078534
"741","what is mesothelioma",60.79,8.51319371727749,1.10314136125654
"742","whole life insurance",726.89,44.8366492146597,2.5544502617801
"743","wrongful death",34.45,11.3296858638743,0.643979057591623
"744","yahoo web hosting",130.89,11.2235078534031,1.41937172774869
"745","zero percent credit cards",471.65,15.0832460732984,3.33717277486911
"746","zurich insurance",3223.51,18.3896335078534,2.53979057591623
